INSERT INTO Equipment (ID, name) VALUES
(101, 'Adidas'),
(102, 'Nike'),
(103, 'Puma'),
(104, 'Umbro'),
(105, 'New Balance'),
(106, 'Joma'),
(107, 'Under Armour'),
(108, 'Kappa'),
(109, 'Reebok'),
(110, 'Diadora'),
(111, 'Le Coq Sportif'),
(112, 'Mizuno'),
(113, 'Errea'),
(114, 'Hummel'),
(115, 'Uhlsport');

INSERT INTO Country (ID, name, id_equipment) VALUES
(1, 'Germany', 101),
(2, 'France', 102),
(3, 'Spain', 103),
(4, 'Italy', 104),
(5, 'England', 105),
(6, 'Portugal', 106),
(7, 'Netherlands', 107),
(8, 'Belgium', 108),
(9, 'Russia', 109),
(10, 'Sweden', 110),
(11, 'Switzerland', 111),
(12, 'Poland', 112),
(13, 'Czech Republic', 113),
(14, 'Austria', 114),
(15, 'Denmark', 115);

INSERT INTO City (ID, name) VALUES
(1, 'Berlin'),
(2, 'Paris'),
(3, 'Madrid'),
(4, 'Rome'),
(5, 'London'),
(6, 'Lisbon'),
(7, 'Amsterdam'),
(8, 'Brussels'),
(9, 'Moscow'),
(10, 'Stockholm'),
(11, 'Zurich'),
(12, 'Warsaw'),
(13, 'Prague'),
(14, 'Vienna'),
(15, 'Copenhagen');

INSERT INTO Stadium (ID, name, capacity, id_city) VALUES
(1, 'Olympiastadion', 75000, 1),
(2, 'Stade de France', 81000, 2),
(3, 'Santiago Bernabeu', 81000, 3),
(4, 'Stadio Olimpico', 70000, 4),
(5, 'Wembley Stadium', 90000, 5),
(6, 'Estádio da Luz', 65000, 6),
(7, 'Johan Cruyff Arena', 55000, 7),
(8, 'King Baudouin Stadium', 50000, 8),
(9, 'Luzhniki Stadium', 81000, 9),
(10, 'Friends Arena', 50000, 10),
(11, 'Letzigrund Stadium', 26000, 11),
(12, 'National Stadium', 58000, 12),
(13, 'Eden Arena', 21000, 13),
(14, 'Ernst Happel Stadium', 50709, 14),
(15, 'Parken Stadium', 38065, 15);


INSERT INTO Referee (ID, name) VALUES
(1, 'John Smith'),
(2, 'Maria Rodriguez'),
(3, 'Paul Johnson'),
(4, 'Anna Müller'),
(5, 'David Wilson'),
(6, 'Elena Garcia'),
(7, 'Michael Brown'),
(8, 'Isabel Martinez'),
(9, 'Richard Taylor'),
(10, 'Laura Schmidt'),
(11, 'Daniel Davis'),
(12, 'Sofia López'),
(13, 'Mark Jones'),
(14, 'Emma White'),
(15, 'Kevin Kim');

INSERT INTO Association (ID, name) VALUES
(201, 'UEFA'),
(202, 'FIFA'),
(203, 'CONMEBOL'),
(204, 'CONCACAF'),
(205, 'AFC'),
(206, 'CAF'),
(207, 'OFC'),
(208, 'AFC'),
(209, 'CONMEBOL'),
(210, 'UEFA'),
(211, 'CONCACAF'),
(212, 'CAF'),
(213, 'OFC'),
(214, 'AFC'),
(215, 'UEFA');

INSERT INTO Referee_Assoc (id_referee, id_association) VALUES
(1, 201),
(2, 202),
(3, 203),
(4, 204),
(5, 205),
(6, 206),
(7, 207),
(8, 208),
(9, 209),
(10, 210),
(11, 211),
(12, 212),
(13, 213),
(14, 214),
(15, 215);

INSERT INTO Coach (ID, name, id_country) VALUES
(1, 'Hans Schmidt', 1),
(2, 'Éric Dupont', 2),
(3, 'José González', 3),
(4, 'Luigi Rossi', 4),
(5, 'John Smith', 5),
(6, 'Ricardo Silva', 6),
(7, 'Peter van der Berg', 7),
(8, 'Marc Dubois', 8),
(9, 'Ivan Petrov', 9),
(10, 'Göran Svensson', 10),
(11, 'Andreas Müller', 11),
(12, 'Piotr Kowalski', 12),
(13, 'Jan Novák', 13),
(14, 'Markus Schneider', 14),
(15, 'Morten Nielsen', 15);

INSERT INTO Position (ID, name) VALUES
(1, 'Goalkeeper'),
(2, 'Defender'),
(3, 'Midfielder'),
(4, 'Forward'),
(5, 'Central Defender'),
(6, 'Full-back'),
(7, 'Central Midfielder'),
(8, 'Attacking Midfielder'),
(9, 'Striker'),
(10, 'Second Striker'),
(11, 'Winger');

INSERT INTO Player (ID, name, id_position, id_country) VALUES
(1, 'Thomas Müller', 9, 1),
(2, 'Antoine Griezmann', 10, 2),
(3, 'Sergio Ramos', 5, 3),
(4, 'Gianluigi Buffon', 1, 4),
(5, 'Harry Kane', 7, 5),
(6, 'Cristiano Ronaldo', 11, 6),
(7, 'Virgil van Dijk', 5, 7),
(8, 'Eden Hazard', 11, 8),
(9, 'Artem Dzyuba', 9, 9),
(10, 'Zlatan Ibrahimović', 9, 10),
(11, 'Xherdan Shaqiri', 8, 11),
(12, 'Robert Lewandowski', 9, 12),
(13, 'Tomáš Souček', 8, 13),
(14, 'David Alaba', 3, 14),
(15, 'Christian Eriksen', 10, 15);

INSERT INTO Match_Type (ID, type_name) VALUES
(1, 'Group Stage'),
(2, 'Round of 16'),
(3, 'Quarter-finals'),
(4, 'Semi-finals'),
(5, 'Final');

INSERT INTO Match (ID, datetime, id_country_1, id_country_2, id_stadium, id_referee, country_1_score, country_2_score, id_match_type) VALUES
(1, '2023-06-12 20:00:00', 1, 2, 1, 1, 2, 1, 1),
(2, '2023-06-13 18:00:00', 3, 4, 2, 2, 0, 3, 1),
(3, '2023-06-14 21:00:00', 5, 6, 3, 3, 1, 2, 1),
(4, '2023-06-15 17:00:00', 7, 8, 4, 4, 2, 2, 1),
(5, '2023-06-16 19:30:00', 9, 10, 5, 5, 1, 1, 1),
(6, '2023-06-17 20:00:00', 11, 12, 6, 6, 0, 1, 1),
(7, '2023-06-18 18:30:00', 13, 14, 7, 7, 2, 0, 1),
(8, '2023-06-19 21:00:00', 15, 1, 8, 8, 1, 2, 1),
(9, '2023-06-20 19:30:00', 2, 3, 9, 9, 3, 1, 2),
(10, '2023-06-21 20:00:00', 4, 5, 10, 10, 1, 1, 2),
(11, '2023-06-22 18:00:00', 6, 7, 11, 11, 2, 0, 2),
(12, '2023-06-23 21:00:00', 8, 9, 12, 12, 0, 2, 2),
(13, '2023-06-24 19:30:00', 10, 11, 13, 13, 1, 3, 3),
(14, '2023-06-25 20:00:00', 12, 13, 14, 14, 2, 2, 3),
(15, '2023-06-26 18:30:00', 14, 15, 15, 15, 1, 1, 4);

INSERT INTO Goal_moment (ID, minute_of_goal, id_match, id_player) VALUES
(1, 23, 1, 1),
(2, 56, 1, 2),
(3, 75, 2, 4),
(4, 82, 2, 3),
(5, 34, 3, 5),
(6, 66, 3, 6),
(7, 11, 4, 8),
(8, 30, 4, 7),
(9, 45, 5, 9),
(10, 88, 5, 10),
(11, 25, 6, 11),
(12, 70, 6, 12),
(13, 15, 7, 13),
(14, 55, 7, 14),
(15, 78, 8, 15);
